{
    "similar_course_type_count": 0.031202564015984535,
    "numPmu": 0.029063396155834198,
    "sexe_HONGRES": 0.024879952892661095,
    "age_norm": 0.030380692332983017,
    "comment_sentiment": 0.034376367926597595,
    "type_course_PLAT": 0.027404697611927986,
    "type_course_OBSTACLE": 0.02871391549706459,
    "sexe_MALES": 0.03735413774847984,
    "jockey_cheval_win_rate": 0.032489340752363205,
    "jockey_cheval_avg_position": 0.03577710688114166,
    "jockey_cheval_place_rate": 0.03166273608803749,
    "distance": 0.030107030645012856,
    "num_course": 0.027833163738250732,
    "prize_category": 0.030213119462132454,
    "distance_place_rate": 0.03800281509757042,
    "poids": 0.029778383672237396,
    "type_course_TROT_ATTELE": 0.030256807804107666,
    "age": 0.03182833641767502,
    "distance_perf_count": 0.03212769329547882,
    "lieu_encoded": 0.029099518433213234,
    "sexe_FEMELLES": 0.028270777314901352,
    "similar_course_type_perf": 0.031915850937366486,
    "avg_speed": 0.033356718719005585,
    "max_speed": 0.03389085829257965,
    "cote_actuelle": 0.07929401099681854,
    "jockey_nom_encoded": 0.029980836436152458,
    "cote_initiale": 0.03768440708518028,
    "distance_avg_position": 0.03496013954281807,
    "type_course_TROT_MONTE": 0.037748564034700394,
    "jockey_cheval_count": 0.030346108600497246
}