{
    "avg_speed": 0.002658378565683961,
    "lieu_encoded": 0.002457857131958008,
    "type_course_TROT_MONTE": 0.003235340118408203,
    "distance": 0.002046420471742749,
    "type_course_TROT_ATTELE": 0.0018298367504030466,
    "cote_actuelle": 0.028423473238945007,
    "distance_place_rate": 0.003062078496441245,
    "jockey_cheval_win_rate": 0.0028487059753388166,
    "comment_sentiment": 0.0041375309228897095,
    "sexe_HONGRES": 0.001993542769923806,
    "age_norm": 0.001537297386676073,
    "similar_course_type_count": 0.0027726651169359684,
    "type_course_PLAT": 0.0024187627714127302,
    "cote_actuelle_norm": 0.05972549691796303,
    "max_speed": 0.0030774844344705343,
    "poids": 0.002464143792167306,
    "jockey_nom_encoded": 0.0024947666097432375,
    "cote_initiale": 0.002218404319137335,
    "jockey_cheval_count": 0.002759331138804555,
    "distance_avg_position": 0.0021094349212944508,
    "target_place": 0.8444256782531738,
    "distance_perf_count": 0.002965714782476425,
    "similar_course_type_perf": 0.002500076312571764,
    "sexe_FEMELLES": 0.0024099284783005714,
    "poids_norm": 0.002353142714127898,
    "num_course": 0.0017904930282384157,
    "numPmu": 0.002178026596084237,
    "avg_reduction_km": 0.0038809895049780607,
    "jockey_cheval_place_rate": 0.0032250508666038513,
    "age": 0.0
}