{
    "avg_speed": 0.03214731439948082,
    "jockey_cheval_count": 0.028352724388241768,
    "num_course": 0.027159659191966057,
    "type_course_OBSTACLE": 0.03036269173026085,
    "poids": 0.027322715148329735,
    "similar_course_type_count": 0.030293751507997513,
    "sexe_FEMELLES": 0.025303008034825325,
    "jockey_cheval_avg_position": 0.03339724242687225,
    "distance_place_rate": 0.03756728768348694,
    "avg_reduction_km": 0.03252897784113884,
    "jockey_nom_encoded": 0.028360072523355484,
    "age_norm": 0.028941964730620384,
    "prize_category": 0.02806265465915203,
    "distance_perf_count": 0.030585013329982758,
    "jockey_cheval_place_rate": 0.0324983187019825,
    "jockey_cheval_win_rate": 0.02998035028576851,
    "cote_actuelle": 0.06928665190935135,
    "type_course_TROT_ATTELE": 0.030865859240293503,
    "cote_initiale": 0.03177766129374504,
    "type_course_PLAT": 0.026918133720755577,
    "numPmu": 0.027839776128530502,
    "distance": 0.028622282668948174,
    "sexe_HONGRES": 0.026885034516453743,
    "distance_win_rate": 0.03414038196206093,
    "distance_avg_position": 0.0324782133102417,
    "cote_actuelle_norm": 0.0820503979921341,
    "age": 0.030908510088920593,
    "sexe_MALES": 0.0310292337089777,
    "similar_course_type_perf": 0.03136458247900009,
    "max_speed": 0.03296945244073868
}