{
    "avg_speed": 0.033261001110076904,
    "cote_actuelle_norm": 0.07230707257986069,
    "lieu_encoded": 0.0278619397431612,
    "type_course_TROT_ATTELE": 0.02940303646028042,
    "sexe_MALES": 0.030788758769631386,
    "cote_actuelle": 0.07923340052366257,
    "age": 0.02798459678888321,
    "max_speed": 0.03129672259092331,
    "jockey_nom_encoded": 0.02807242050766945,
    "distance_place_rate": 0.03625357896089554,
    "distance_avg_position": 0.033376261591911316,
    "similar_course_type_perf": 0.030598148703575134,
    "sexe_HONGRES": 0.02668994478881359,
    "jockey_cheval_win_rate": 0.031661611050367355,
    "prize_category": 0.027801278978586197,
    "similar_course_type_count": 0.029849831014871597,
    "poids_norm": 0.02738320268690586,
    "numPmu": 0.028016945347189903,
    "distance": 0.028156306594610214,
    "cote_initiale": 0.029398705810308456,
    "type_course_TROT_MONTE": 0.03570101037621498,
    "jockey_cheval_avg_position": 0.03456408903002739,
    "num_course": 0.026883892714977264,
    "jockey_cheval_place_rate": 0.03138909488916397,
    "sexe_FEMELLES": 0.02661854214966297,
    "poids": 0.028886104002594948,
    "distance_win_rate": 0.03284527361392975,
    "age_norm": 0.0304226316511631,
    "avg_reduction_km": 0.03375232219696045,
    "jockey_cheval_count": 0.02954234555363655
}