{
    "distance_place_rate": 0.03613012284040451,
    "numPmu": 0.029036803171038628,
    "lieu_encoded": 0.028760455548763275,
    "avg_speed": 0.03188641369342804,
    "avg_reduction_km": 0.034297045320272446,
    "sexe_FEMELLES": 0.025531403720378876,
    "poids": 0.027906635776162148,
    "distance_perf_count": 0.031472183763980865,
    "distance": 0.029888568446040154,
    "type_course_TROT_ATTELE": 0.02906264364719391,
    "cote_actuelle": 0.07430215179920197,
    "jockey_nom_encoded": 0.0289344172924757,
    "type_course_OBSTACLE": 0.02976851724088192,
    "jockey_cheval_avg_position": 0.03709634020924568,
    "cote_initiale": 0.04115518555045128,
    "type_course_PLAT": 0.02818383276462555,
    "sexe_MALES": 0.03354770690202713,
    "similar_course_type_perf": 0.03142961859703064,
    "jockey_cheval_win_rate": 0.0317671000957489,
    "prize_category": 0.027731744572520256,
    "jockey_cheval_place_rate": 0.032721880823373795,
    "comment_sentiment": 0.03523224964737892,
    "max_speed": 0.03445606678724289,
    "type_course_TROT_MONTE": 0.034133411943912506,
    "poids_norm": 0.03213657811284065,
    "jockey_cheval_count": 0.029933907091617584,
    "distance_win_rate": 0.03951544687151909,
    "similar_course_type_count": 0.030039289966225624,
    "distance_avg_position": 0.03487330302596092,
    "age": 0.029069043695926666
}