{
    "sexe_HONGRES": 0.026562299579381943,
    "type_course_TROT_ATTELE": 0.028543245047330856,
    "jockey_cheval_place_rate": 0.029828742146492004,
    "jockey_cheval_count": 0.029068659991025925,
    "jockey_nom_encoded": 0.028718337416648865,
    "distance_perf_count": 0.030702482908964157,
    "poids": 0.027722686529159546,
    "type_course_PLAT": 0.02648499421775341,
    "cote_actuelle_norm": 0.07267933338880539,
    "similar_course_type_perf": 0.028763139620423317,
    "prize_category": 0.02828233502805233,
    "distance_win_rate": 0.03256876394152641,
    "comment_sentiment": 0.02923622354865074,
    "sexe_FEMELLES": 0.025297127664089203,
    "lieu_encoded": 0.0279912818223238,
    "jockey_cheval_avg_position": 0.030758341774344444,
    "numPmu": 0.02790871262550354,
    "avg_speed": 0.03126273676753044,
    "cote_initiale": 0.030761253088712692,
    "distance_place_rate": 0.028165116906166077,
    "age": 0.027485428377985954,
    "num_course": 0.027715256437659264,
    "type_course_OBSTACLE": 0.030456557869911194,
    "max_speed": 0.03113701567053795,
    "distance_avg_position": 0.03184675797820091,
    "similar_course_type_count": 0.02841135859489441,
    "distance": 0.02839706651866436,
    "sexe_MALES": 0.02957555092871189,
    "cote_actuelle": 0.11213387548923492,
    "avg_reduction_km": 0.03153541311621666
}