{
    "similar_course_type_perf": 0.030439341440796852,
    "max_speed": 0.0336085744202137,
    "poids_norm": 0.02719634212553501,
    "similar_course_type_count": 0.030367253348231316,
    "sexe_HONGRES": 0.025315959006547928,
    "sexe_FEMELLES": 0.0256790891289711,
    "lieu_encoded": 0.026888545602560043,
    "age": 0.02865585684776306,
    "cote_actuelle": 0.06685971468687057,
    "avg_speed": 0.031400904059410095,
    "avg_reduction_km": 0.032966069877147675,
    "age_norm": 0.030371563509106636,
    "distance": 0.028536926954984665,
    "jockey_nom_encoded": 0.02902285009622574,
    "distance_win_rate": 0.03641778975725174,
    "sexe_MALES": 0.035435907542705536,
    "prize_category": 0.0274082962423563,
    "cote_actuelle_norm": 0.08854876458644867,
    "type_course_OBSTACLE": 0.024647017940878868,
    "num_course": 0.027620600536465645,
    "type_course_PLAT": 0.029447617009282112,
    "jockey_cheval_place_rate": 0.03026239573955536,
    "jockey_cheval_count": 0.029213976114988327,
    "distance_place_rate": 0.03476155549287796,
    "cote_initiale": 0.03311726078391075,
    "type_course_TROT_MONTE": 0.03390304371714592,
    "numPmu": 0.027976958081126213,
    "jockey_cheval_avg_position": 0.034218959510326385,
    "distance_perf_count": 0.030500739812850952,
    "jockey_cheval_win_rate": 0.02921014465391636
}