{
    "cote_actuelle": 0.13831733167171478,
    "distance_perf_count": 0.022987859323620796,
    "type_course_TROT_MONTE": 0.0246054045855999,
    "sexe_HONGRES": 0.02144402451813221,
    "max_speed": 0.027998298406600952,
    "cote_actuelle_norm": 0.15491996705532074,
    "comment_sentiment": 0.02471286989748478,
    "jockey_cheval_win_rate": 0.024488862603902817,
    "num_course": 0.021955912932753563,
    "poids": 0.02366226725280285,
    "numPmu": 0.022883685305714607,
    "age": 0.022481080144643784,
    "distance_win_rate": 0.02364528924226761,
    "jockey_nom_encoded": 0.024199148640036583,
    "distance_place_rate": 0.025331592187285423,
    "distance": 0.025815017521381378,
    "avg_reduction_km": 0.026791522279381752,
    "jockey_cheval_avg_position": 0.032562460750341415,
    "cote_initiale": 0.0362430177628994,
    "similar_course_type_perf": 0.025460021570324898,
    "avg_speed": 0.025579141452908516,
    "jockey_cheval_count": 0.034470971673727036,
    "type_course_PLAT": 0.023562878370285034,
    "distance_avg_position": 0.024625608697533607,
    "lieu_encoded": 0.023181693628430367,
    "sexe_MALES": 0.024587739259004593,
    "similar_course_type_count": 0.022397730499505997,
    "poids_norm": 0.02499590441584587,
    "prize_category": 0.02452719211578369,
    "sexe_FEMELLES": 0.021565359085798264
}