{
    "jockey_cheval_place_rate": 0.03146747499704361,
    "similar_course_type_count": 0.02911837212741375,
    "avg_speed": 0.030555542558431625,
    "distance_place_rate": 0.027838226407766342,
    "jockey_nom_encoded": 0.029138248413801193,
    "distance_win_rate": 0.0332888662815094,
    "cote_actuelle_norm": 0.07522302865982056,
    "comment_sentiment": 0.02899712696671486,
    "jockey_cheval_win_rate": 0.029711857438087463,
    "cote_actuelle": 0.096038818359375,
    "avg_reduction_km": 0.03140297532081604,
    "jockey_cheval_avg_position": 0.030853649601340294,
    "distance_perf_count": 0.03071749582886696,
    "age": 0.02743421494960785,
    "numPmu": 0.028183473274111748,
    "poids_norm": 0.028775805607438087,
    "poids": 0.027750467881560326,
    "lieu_encoded": 0.02830740623176098,
    "cote_initiale": 0.029509907588362694,
    "jockey_cheval_count": 0.029819875955581665,
    "num_course": 0.027697455137968063,
    "type_course_TROT_MONTE": 0.0332522876560688,
    "type_course_OBSTACLE": 0.03235957771539688,
    "type_course_TROT_ATTELE": 0.026561472564935684,
    "sexe_MALES": 0.03057035058736801,
    "age_norm": 0.028076833114027977,
    "max_speed": 0.031386662274599075,
    "sexe_HONGRES": 0.02648966759443283,
    "distance": 0.029123151674866676,
    "distance_avg_position": 0.030349615961313248
}