{
    "type_course_TROT_ATTELE": 0.031155459582805634,
    "age": 0.029537059366703033,
    "avg_speed": 0.03263717517256737,
    "sexe_FEMELLES": 0.027690310031175613,
    "distance": 0.028867173939943314,
    "lieu_encoded": 0.028575409203767776,
    "jockey_cheval_place_rate": 0.03098621591925621,
    "avg_reduction_km": 0.03275279328227043,
    "max_speed": 0.03265882655978203,
    "prize_category": 0.027433184906840324,
    "distance_avg_position": 0.03458363935351372,
    "sexe_MALES": 0.03280269354581833,
    "type_course_PLAT": 0.028202848508954048,
    "poids_norm": 0.029283035546541214,
    "distance_place_rate": 0.03520240634679794,
    "numPmu": 0.029264075681567192,
    "cote_initiale": 0.028670107945799828,
    "poids": 0.028702696785330772,
    "distance_perf_count": 0.03154247626662254,
    "jockey_nom_encoded": 0.029107963666319847,
    "type_course_TROT_MONTE": 0.038968004286289215,
    "jockey_cheval_win_rate": 0.031136417761445045,
    "type_course_OBSTACLE": 0.03374190255999565,
    "age_norm": 0.028673497959971428,
    "similar_course_type_count": 0.02973332442343235,
    "sexe_HONGRES": 0.025117188692092896,
    "jockey_cheval_count": 0.03227269649505615,
    "jockey_cheval_avg_position": 0.034585412591695786,
    "cote_actuelle_norm": 0.07839445769786835,
    "cote_actuelle": 0.057721495628356934
}