{
    "distance": 0.027818266302347183,
    "distance_perf_count": 0.028687115758657455,
    "comment_sentiment": 0.03273475915193558,
    "cote_initiale": 0.029536711052060127,
    "sexe_MALES": 0.030551329255104065,
    "type_course_TROT_MONTE": 0.04057900980114937,
    "type_course_PLAT": 0.024552948772907257,
    "numPmu": 0.02660001628100872,
    "jockey_cheval_avg_position": 0.034066494554281235,
    "num_course": 0.02663864754140377,
    "age_norm": 0.02883121371269226,
    "distance_avg_position": 0.03235995024442673,
    "poids": 0.027657020837068558,
    "max_speed": 0.03235436603426933,
    "type_course_TROT_ATTELE": 0.029166236519813538,
    "distance_place_rate": 0.03619597479701042,
    "poids_norm": 0.02483898587524891,
    "cote_actuelle": 0.06532897055149078,
    "similar_course_type_count": 0.029253078624606133,
    "similar_course_type_perf": 0.030377812683582306,
    "jockey_nom_encoded": 0.028029663488268852,
    "avg_reduction_km": 0.0334845669567585,
    "jockey_cheval_count": 0.029271544888615608,
    "prize_category": 0.027053341269493103,
    "cote_actuelle_norm": 0.0926596075296402,
    "type_course_OBSTACLE": 0.028603456914424896,
    "distance_win_rate": 0.03642591834068298,
    "sexe_FEMELLES": 0.027243465185165405,
    "age": 0.030755484476685524,
    "jockey_cheval_win_rate": 0.028344139456748962
}