{
    "avg_speed": 0.03140127286314964,
    "cote_actuelle_norm": 0.07921002060174942,
    "lieu_encoded": 0.028108125552535057,
    "type_course_TROT_ATTELE": 0.02463017776608467,
    "sexe_MALES": 0.02462245151400566,
    "cote_actuelle": 0.08854076266288757,
    "age": 0.028086664155125618,
    "max_speed": 0.02887171320617199,
    "jockey_nom_encoded": 0.02995576523244381,
    "distance_place_rate": 0.029120173305273056,
    "distance_avg_position": 0.029291406273841858,
    "similar_course_type_perf": 0.03103843703866005,
    "sexe_HONGRES": 0.02984386496245861,
    "jockey_cheval_win_rate": 0.029605479910969734,
    "prize_category": 0.030115177854895592,
    "similar_course_type_count": 0.026921650394797325,
    "poids_norm": 0.03446224331855774,
    "numPmu": 0.03207402303814888,
    "distance": 0.030824214220046997,
    "cote_initiale": 0.03543783724308014,
    "type_course_TROT_MONTE": 0.03671436011791229,
    "jockey_cheval_avg_position": 0.030623551458120346,
    "num_course": 0.02602050080895424,
    "jockey_cheval_place_rate": 0.03026624582707882,
    "sexe_FEMELLES": 0.029463913291692734,
    "poids": 0.029563136398792267,
    "distance_win_rate": 0.02907307632267475,
    "age_norm": 0.023460036143660545,
    "avg_reduction_km": 0.033363305032253265,
    "jockey_cheval_count": 0.029290439561009407
}