{
    "model_type": "xgboost_ranking",
    "metrics": {
        "ndcg_score": 0.7783289821796285,
        "winner_accuracy": 0.19090909090909092,
        "top3_accuracy": 0.36363636363636365,
        "top5_accuracy": 0.7181818181818181,
        "top7_accuracy": 0.8,
        "quinte_exact_rate": 0.0,
        "quinte_desordre_rate": 0.02727272727272727,
        "total_races_evaluated": 110
    },
    "training_size": 5056,
    "test_size": 1345,
    "timestamp": "20250408_104813",
    "feature_count": 30,
    "top7_optimized": true
}