{
    "model_type": "xgboost_ranking",
    "metrics": {
        "ndcg_score": 0.7915686611495615,
        "winner_accuracy": 0.27906976744186046
    },
    "training_size": 1911,
    "test_size": 480,
    "timestamp": "20250407_004703",
    "feature_count": 18
}