{
    "similar_course_type_count": 0.030786320567131042,
    "numPmu": 0.03177954629063606,
    "sexe_HONGRES": 0.029836265370249748,
    "age_norm": 0.030911404639482498,
    "comment_sentiment": 0.030107637867331505,
    "type_course_PLAT": 0.03472640737891197,
    "type_course_OBSTACLE": 0.03157800808548927,
    "sexe_MALES": 0.028424322605133057,
    "jockey_cheval_win_rate": 0.03341717645525932,
    "jockey_cheval_avg_position": 0.03353094682097435,
    "jockey_cheval_place_rate": 0.0323774628341198,
    "distance": 0.03198714554309845,
    "num_course": 0.030618470162153244,
    "prize_category": 0.030357802286744118,
    "distance_place_rate": 0.029463745653629303,
    "poids": 0.03313972428441048,
    "type_course_TROT_ATTELE": 0.030456040054559708,
    "age": 0.026113012805581093,
    "distance_perf_count": 0.03221090883016586,
    "lieu_encoded": 0.030127018690109253,
    "sexe_FEMELLES": 0.02742704749107361,
    "similar_course_type_perf": 0.0324174240231514,
    "avg_speed": 0.03231322765350342,
    "max_speed": 0.02963067963719368,
    "cote_actuelle": 0.08288615942001343,
    "jockey_nom_encoded": 0.03231177479028702,
    "cote_initiale": 0.04774480685591698,
    "distance_avg_position": 0.02934567630290985,
    "type_course_TROT_MONTE": 0.03260999545454979,
    "jockey_cheval_count": 0.031363826245069504
}