{
    "model_type": "xgboost_ranking",
    "metrics": {
        "ndcg_score": 0.777991618941526,
        "winner_accuracy": 0.21818181818181817,
        "top3_accuracy": 0.41818181818181815,
        "top5_accuracy": 0.6636363636363637,
        "top7_accuracy": 0.8,
        "quinte_exact_rate": 0.0,
        "quinte_desordre_rate": 0.03636363636363636,
        "total_races_evaluated": 110
    },
    "training_size": 5056,
    "test_size": 1345,
    "timestamp": "20250408_112034",
    "feature_count": 30,
    "top7_optimized": true
}