{
    "similar_course_type_perf": 0.029854174703359604,
    "max_speed": 0.03145720809698105,
    "poids_norm": 0.031948089599609375,
    "similar_course_type_count": 0.029315998777747154,
    "sexe_HONGRES": 0.027387788519263268,
    "sexe_FEMELLES": 0.029240649193525314,
    "lieu_encoded": 0.02930496819317341,
    "age": 0.029594268649816513,
    "cote_actuelle": 0.0781659260392189,
    "avg_speed": 0.029474159702658653,
    "avg_reduction_km": 0.032506443560123444,
    "age_norm": 0.028755763545632362,
    "distance": 0.03114875964820385,
    "jockey_nom_encoded": 0.030563658103346825,
    "distance_win_rate": 0.03267538547515869,
    "sexe_MALES": 0.028805572539567947,
    "prize_category": 0.03033830225467682,
    "cote_actuelle_norm": 0.082518570125103,
    "type_course_OBSTACLE": 0.031341105699539185,
    "num_course": 0.02874334529042244,
    "type_course_PLAT": 0.027614934369921684,
    "jockey_cheval_place_rate": 0.02902214601635933,
    "jockey_cheval_count": 0.028627334162592888,
    "distance_place_rate": 0.02883223630487919,
    "cote_initiale": 0.03339492902159691,
    "type_course_TROT_MONTE": 0.031592704355716705,
    "numPmu": 0.031436894088983536,
    "jockey_cheval_avg_position": 0.029487192630767822,
    "distance_perf_count": 0.028196614235639572,
    "jockey_cheval_win_rate": 0.02865496650338173
}