{
    "distance": 0.032048434019088745,
    "distance_perf_count": 0.026711758226156235,
    "comment_sentiment": 0.02934638410806656,
    "cote_initiale": 0.03599046543240547,
    "sexe_MALES": 0.026099486276507378,
    "type_course_TROT_MONTE": 0.03459034487605095,
    "type_course_PLAT": 0.027472281828522682,
    "numPmu": 0.03196634352207184,
    "jockey_cheval_avg_position": 0.02991981990635395,
    "num_course": 0.029426615685224533,
    "age_norm": 0.027388375252485275,
    "distance_avg_position": 0.02876797318458557,
    "poids": 0.032903991639614105,
    "max_speed": 0.030496032908558846,
    "type_course_TROT_ATTELE": 0.029953865334391594,
    "distance_place_rate": 0.02902989462018013,
    "poids_norm": 0.038739163428545,
    "cote_actuelle": 0.0876743271946907,
    "similar_course_type_count": 0.027726933360099792,
    "similar_course_type_perf": 0.03073059767484665,
    "jockey_nom_encoded": 0.03331732004880905,
    "avg_reduction_km": 0.03234832361340523,
    "jockey_cheval_count": 0.029984697699546814,
    "prize_category": 0.027716437354683876,
    "cote_actuelle_norm": 0.06258201599121094,
    "type_course_OBSTACLE": 0.0310418289154768,
    "distance_win_rate": 0.031146932393312454,
    "sexe_FEMELLES": 0.027357546612620354,
    "age": 0.027430403977632523,
    "jockey_cheval_win_rate": 0.030091412365436554
}