{
    "type_course_TROT_ATTELE": 0.026671409606933594,
    "age": 0.026445381343364716,
    "avg_speed": 0.030187666416168213,
    "sexe_FEMELLES": 0.02651315927505493,
    "distance": 0.03187910094857216,
    "lieu_encoded": 0.02897193469107151,
    "jockey_cheval_place_rate": 0.02970265969634056,
    "avg_reduction_km": 0.03236190974712372,
    "max_speed": 0.030027134343981743,
    "prize_category": 0.02876957319676876,
    "distance_avg_position": 0.029939599335193634,
    "sexe_MALES": 0.028981760144233704,
    "type_course_PLAT": 0.02370610646903515,
    "poids_norm": 0.030790645629167557,
    "distance_place_rate": 0.028014272451400757,
    "numPmu": 0.031397487968206406,
    "cote_initiale": 0.03549100458621979,
    "poids": 0.03406953066587448,
    "distance_perf_count": 0.02821052260696888,
    "jockey_nom_encoded": 0.030237266793847084,
    "type_course_TROT_MONTE": 0.031112339347600937,
    "jockey_cheval_win_rate": 0.03173621743917465,
    "type_course_OBSTACLE": 0.027146335691213608,
    "age_norm": 0.03210103511810303,
    "similar_course_type_count": 0.028436774387955666,
    "sexe_HONGRES": 0.02568795345723629,
    "jockey_cheval_count": 0.03003004938364029,
    "jockey_cheval_avg_position": 0.03058283030986786,
    "cote_actuelle_norm": 0.07382696121931076,
    "cote_actuelle": 0.09697144478559494
}