{
    "lieu_encoded": 0.06237401068210602,
    "jockey_nom_encoded": 0.0749259814620018,
    "sexe_FEMELLES": 0.057015836238861084,
    "sexe_HONGRES": 0.054654330015182495,
    "sexe_MALES": 0.057627156376838684,
    "type_course_OBSTACLE": 0.08039300888776779,
    "type_course_PLAT": 0.04541296884417534,
    "type_course_TROT_ATTELE": 0.056860387325286865,
    "type_course_TROT_MONTE": 0.07160595059394836,
    "age_norm": 0.06000172346830368,
    "poids_norm": 0.06526630371809006,
    "cote_actuelle_norm": 0.07766054570674896,
    "normalized_odds_norm": 0.08783476799726486,
    "recent_form_norm": 0.0,
    "trend_norm": 0.0,
    "jockey_win_rate_norm": 0.0776291936635971,
    "jockey_recent_form_norm": 0.07073777168989182,
    "similar_races_perf_norm": 0.0
}