{
    "cote_actuelle": 0.14370861649513245,
    "distance_perf_count": 0.02158397063612938,
    "type_course_TROT_MONTE": 0.022946732118725777,
    "sexe_HONGRES": 0.021725790575146675,
    "max_speed": 0.026359230279922485,
    "cote_actuelle_norm": 0.14882008731365204,
    "comment_sentiment": 0.023187868297100067,
    "jockey_cheval_win_rate": 0.022387754172086716,
    "num_course": 0.020924152806401253,
    "poids": 0.03244157135486603,
    "numPmu": 0.025413507595658302,
    "age": 0.023220239207148552,
    "distance_win_rate": 0.020557498559355736,
    "jockey_nom_encoded": 0.021944766864180565,
    "distance_place_rate": 0.02261543460190296,
    "distance": 0.022841421887278557,
    "avg_reduction_km": 0.045353103429079056,
    "jockey_cheval_avg_position": 0.03297700360417366,
    "cote_initiale": 0.026516102254390717,
    "similar_course_type_perf": 0.025940045714378357,
    "avg_speed": 0.02446058951318264,
    "jockey_cheval_count": 0.033315278589725494,
    "type_course_PLAT": 0.02122311107814312,
    "distance_avg_position": 0.024535197764635086,
    "lieu_encoded": 0.020919794216752052,
    "sexe_MALES": 0.02425055205821991,
    "similar_course_type_count": 0.022598519921302795,
    "poids_norm": 0.03651704639196396,
    "prize_category": 0.020379628986120224,
    "sexe_FEMELLES": 0.020335396751761436
}