{
    "model_type": "xgboost_ranking",
    "metrics": {
        "ndcg_score": 0.768891334097582,
        "winner_accuracy": 0.32340425531914896
    },
    "training_size": 98938,
    "test_size": 24818,
    "timestamp": "20250407_162533",
    "feature_count": 19
}