{
    "model_type": "xgboost_ranking",
    "metrics": {
        "ndcg_score": 0.7778886711309242,
        "winner_accuracy": 0.22727272727272727,
        "top3_accuracy": 0.4,
        "top5_accuracy": 0.7272727272727273,
        "top7_accuracy": 0.8272727272727273,
        "quinte_exact_rate": 0.0,
        "quinte_desordre_rate": 0.02727272727272727,
        "total_races_evaluated": 110
    },
    "training_size": 5056,
    "test_size": 1345,
    "timestamp": "20250408_110949",
    "feature_count": 30,
    "top7_optimized": true
}