{
    "avg_speed": 0.03080855682492256,
    "jockey_cheval_count": 0.029284236952662468,
    "num_course": 0.029194669798016548,
    "type_course_OBSTACLE": 0.03157220035791397,
    "poids": 0.031137123703956604,
    "similar_course_type_count": 0.025884175673127174,
    "sexe_FEMELLES": 0.02934871055185795,
    "jockey_cheval_avg_position": 0.03007372096180916,
    "distance_place_rate": 0.031561754643917084,
    "avg_reduction_km": 0.03170687332749367,
    "jockey_nom_encoded": 0.03080146759748459,
    "age_norm": 0.02672235667705536,
    "prize_category": 0.029668638482689857,
    "distance_perf_count": 0.027541784569621086,
    "jockey_cheval_place_rate": 0.029620707035064697,
    "jockey_cheval_win_rate": 0.02813110128045082,
    "cote_actuelle": 0.08497476577758789,
    "type_course_TROT_ATTELE": 0.022865377366542816,
    "cote_initiale": 0.03601094335317612,
    "type_course_PLAT": 0.026110179722309113,
    "numPmu": 0.02988951839506626,
    "distance": 0.03088472969830036,
    "sexe_HONGRES": 0.02919737622141838,
    "distance_win_rate": 0.03611720725893974,
    "distance_avg_position": 0.027791770175099373,
    "cote_actuelle_norm": 0.08371549099683762,
    "age": 0.031260889023542404,
    "sexe_MALES": 0.028278198093175888,
    "similar_course_type_perf": 0.02960478886961937,
    "max_speed": 0.03024069033563137
}