{
    "distance_place_rate": 0.03035099431872368,
    "numPmu": 0.03157168999314308,
    "lieu_encoded": 0.028997939079999924,
    "avg_speed": 0.03365727514028549,
    "avg_reduction_km": 0.034531816840171814,
    "sexe_FEMELLES": 0.029737578704953194,
    "poids": 0.03202750161290169,
    "distance_perf_count": 0.029918568208813667,
    "distance": 0.030762970447540283,
    "type_course_TROT_ATTELE": 0.028621185570955276,
    "cote_actuelle": 0.08673364669084549,
    "jockey_nom_encoded": 0.032630857080221176,
    "type_course_OBSTACLE": 0.03141063451766968,
    "jockey_cheval_avg_position": 0.03667419031262398,
    "cote_initiale": 0.04602969437837601,
    "type_course_PLAT": 0.03183099254965782,
    "sexe_MALES": 0.03063541278243065,
    "similar_course_type_perf": 0.03160043805837631,
    "jockey_cheval_win_rate": 0.027553148567676544,
    "prize_category": 0.030147241428494453,
    "jockey_cheval_place_rate": 0.029203396290540695,
    "comment_sentiment": 0.03139292076230049,
    "max_speed": 0.029756583273410797,
    "type_course_TROT_MONTE": 0.033505238592624664,
    "poids_norm": 0.029598118737339973,
    "jockey_cheval_count": 0.0317574106156826,
    "distance_win_rate": 0.03266408294439316,
    "similar_course_type_count": 0.02873598225414753,
    "distance_avg_position": 0.029390962794423103,
    "age": 0.028571508824825287
}