{
    "model_type": "xgboost",
    "accuracy": 0.6706124757595345,
    "precision": 0.4188026607538803,
    "recall": 0.7469155330591585,
    "f1_score": 0.536682389043587,
    "training_size": 99004,
    "test_size": 24752,
    "timestamp": "20250407_172354",
    "feature_count": 19,
    "balanced": false
}