{
    "model_type": "xgboost",
    "accuracy": 0.6893180349062702,
    "precision": 0.4349315068493151,
    "recall": 0.7231888642834546,
    "f1_score": 0.543186408459071,
    "training_size": 99004,
    "test_size": 24752,
    "timestamp": "20250407_162424",
    "feature_count": 19,
    "balanced": false
}